Junior Manager Service Excellence|2022-06-10|Jegenstorf|True|https://www.jobs.ch/de/stellenangebote/detail/ef1d2479-64d9-4c02-b3f9-a5b95af85e71/
Sachbearbeiter/-in Lernendenbetreuung 50%|2022-06-10|Jegenstorf|True|https://www.jobs.ch/de/stellenangebote/detail/7d23c7f8-1cf2-45c5-8ed6-83f131dc8d5d/
Chauffeuse / Chauffeur, Kat. C, 100%|2022-06-10|Jegenstorf|True|https://www.jobs.ch/de/stellenangebote/detail/d737b0dc-9960-4934-a189-fe76cade6141/
SAP ARIBA Modulberater*in|2022-06-10|Zolllikofen / Homeoffice (mind. 1 Tag pro Woche in|True|https://www.jobs.ch/de/stellenangebote/detail/e94499dd-58b5-4708-930e-d0f4bf949efd/
Sachbearbeiter Verkauf Innendienst/Marketing 80-100%, (m/w)|2022-06-10|Bern|True|https://www.jobs.ch/de/stellenangebote/detail/1aa2f68d-7b2a-4cb9-91dc-238c66f52eb9/
ACUVUE Account Manager Johnson & Johnson Vision, Switzerland (f/m/d)|2022-06-10|Basel, Bern, Wallis, Freiburg, Neuenburg, Jura|True|https://www.jobs.ch/de/stellenangebote/detail/44dcba42-4647-45aa-ab8f-0dca260f49c8/
Leiter*in Controlling & Reporting|2022-06-10|Schwarzenburg|True|https://www.jobs.ch/de/stellenangebote/detail/27e15782-23bd-4bb3-b878-8e35ee8e2ffe/
Elektro-/Fachplaner*in Sicherheitsplanung (80-100%) UND Projektleiter*in Sicherheit (80-100%)|2022-06-10|Zug, Zuerich, Bern, St. Gallen, Aarau|True|https://www.jobs.ch/de/stellenangebote/detail/11a05891-6db1-4da3-a997-1a6e5161ea6c/
Koechin / Koch 100%|2022-06-10|Riggisberg|True|https://www.jobs.ch/de/stellenangebote/detail/92090542-dfa9-4692-a4ae-928cd0ac3d0a/
Disponent/in 100 % (m/w)|2022-06-10|Thun|True|https://www.jobs.ch/de/stellenangebote/detail/c44596f1-18e6-48e9-b69a-d9ffc498a34b/
Mitarbeiter/in Therapien Patientenbegleitung|2022-06-10|Tschugg|True|https://www.jobs.ch/de/stellenangebote/detail/ce3eedf0-0e2d-4143-90a1-3d024ec4fac4/
Mitarbeiter/in Therapieplanung und Sekretariat Therapien 70-100%|2022-06-10|Tschugg|True|https://www.jobs.ch/de/stellenangebote/detail/8496d2ff-f5c2-4917-8e9a-568d6e03ad8a/
Brandschutzfachmann/-frau VKF (80-100%) UND Brandschutzexperte*in VKF (80-100%)|2022-06-10|Zug, Zuerich, Bern, Aarau, St. Gallen|True|https://www.jobs.ch/de/stellenangebote/detail/c18a345a-f0df-408c-a7b2-0c83e4521ed3/
Technischer Sachbearbeiter Ersatzteilvertrieb 100% (m/w/d)|2022-06-10|Biel|True|https://www.jobs.ch/de/stellenangebote/detail/e0d3a752-32ae-4697-9b63-794b0c8c943f/
Lernende/r Polymechaniker/in EFZ|2022-06-10|Biel|True|https://www.jobs.ch/de/stellenangebote/detail/48a7dc8e-d3b1-436c-b178-bcf91845a8b1/
Senior Document Processing Solution Designer*in (80 - 100%) - Job ID 66721|2022-06-10|Zuerich / Bern|True|https://www.jobs.ch/de/stellenangebote/detail/e3a4f5ce-d51f-424f-86aa-60104ea6d6c8/
VerkaufsstellenmitarbeiterIn 80-100%|2022-06-10|Ittigen|True|https://www.jobs.ch/de/stellenangebote/detail/ba12c07e-00b7-4538-a6b7-5f5b30095ff9/
ArchitektIn oder ZeichnerIn Fachrichtung Architektur|2022-06-10|Bern|True|https://www.jobs.ch/de/stellenangebote/detail/35ee3dad-74cc-4bde-8441-91590c5e2562/
Wissenschaftler/in 80 - 100 %|2022-06-10|Bern-Wabern|True|https://www.jobs.ch/de/stellenangebote/detail/d92a0e33-e18b-4816-baa5-20caaa58490e/
Scientifique - 80 - 100 %|2022-06-10|Bern-Wabern|True|https://www.jobs.ch/de/stellenangebote/detail/f6209310-540a-4736-8670-4cfb9eb92dc2/
Schneiderin / Bekleidungsgestalterin - Atelierleitung 100%|2022-06-10|Thun|True|https://www.jobs.ch/de/stellenangebote/detail/da6dba85-5461-437b-a187-e1a14149646b/
Personalberater/in 100%|2022-06-10|Bern|True|https://www.jobs.ch/de/stellenangebote/detail/4f6dfaed-80d7-4a4c-adcd-56bb5df13400/
Apotheker:in Qualitaetssicherung Spitalpharmazie|2022-06-10|Bern|True|https://www.jobs.ch/de/stellenangebote/detail/ebf07a12-201e-4cdb-9296-b53ff90e0827/
Dipl. Orthoptist:in|2022-06-10|Bern|True|https://www.jobs.ch/de/stellenangebote/detail/059341d7-9b15-40a8-b3e9-c57efafb8215/
Berufsbildner/in Fachfrau/mann Kinderbetreuung|2022-06-10|Bern|True|https://www.jobs.ch/de/stellenangebote/detail/107f2a7b-b6c2-40f2-b8b7-1223150a6962/
Med. Sekretaer:in|2022-06-10|Bern|True|https://www.jobs.ch/de/stellenangebote/detail/36c829a3-5734-4455-b16c-f190b52c7296/
Dipl. Pflegefachfrau/-mann|2022-06-10|Bern|True|https://www.jobs.ch/de/stellenangebote/detail/ebe9d83c-7406-4e84-ba77-7a7cd221e854/
Verkauf und Marketing Assistenz|2022-06-10|Bern|True|https://www.jobs.ch/de/stellenangebote/detail/da2fb091-c580-4a48-845c-f79e3898c7bd/
Leistungsspezialisten und Leistungssachbearbeiter w/m/d (Basel, Bern, Luzern, Zuerich)|2022-06-10|Basel / Bern / Luzern / Zuerich|True|https://www.jobs.ch/de/stellenangebote/detail/7a059a86-0d95-4b2b-8801-ff98eb359b69/
Brandschutzexpert:in (80-100 %)|2022-06-10|Ittigen|True|https://www.jobs.ch/de/stellenangebote/detail/d5d82657-f2ff-4601-8609-2cd008c7ea74/
Sachbearbeiter:in Versicherung 100 %|2022-06-10|Ittigen|True|https://www.jobs.ch/de/stellenangebote/detail/eee4d873-ad4b-44f4-9858-6b33e1e7b500/
Mitarbeiter/-in Kasse 100%|2022-06-10|Bern|True|https://www.jobs.ch/de/stellenangebote/detail/0f84b39b-fba7-4d14-8e00-15aea853b5ad/
Aussendienst Mitarbeiter/-in 100%|2022-06-10|Bern|True|https://www.jobs.ch/de/stellenangebote/detail/5dadf2c7-ccaa-452f-b05b-49d03ad934d8/
Techniker*in HF Bauplanung (80-100%) / Belp|2022-06-10|Belp|True|https://www.jobs.ch/de/stellenangebote/detail/212d9560-a2ca-4468-96e1-66b1f5921f59/
Projektleiter Steuerungsbau AVOR (m/w/d)|2022-06-10|Aarwangen|True|https://www.jobs.ch/de/stellenangebote/detail/4c10a039-1ef7-42d9-b3b8-fa6e6e9332a4/
Automatiker, Schaltanlagenmonteur oder versierter Elektromonteur (m/w/d)|2022-06-10|Aarwangen|True|https://www.jobs.ch/de/stellenangebote/detail/eefdc6cc-cbbc-4cce-8302-771c0b8f839f/
Junior Projektleiter AVOR (m/w/d)|2022-06-10|Aarwangen|True|https://www.jobs.ch/de/stellenangebote/detail/de09785a-cdea-4a4b-a974-779de79e3631/
Servicetechniker (m/w/d) - BG 100%|2022-06-10|Liebefeld|True|https://www.jobs.ch/de/stellenangebote/detail/ae966e46-2593-4d1c-bbd9-e8b41f4dafb1/
Kauffrau / Kaufmann EFZ (50%-70%)|2022-06-10|Bern|True|https://www.jobs.ch/de/stellenangebote/detail/b7b137c0-a616-403e-9efd-18a51ed84750/
Maurer (m/w) 100%|2022-06-10|Bern, Thun, Biel oder Solothurn|True|https://www.jobs.ch/de/stellenangebote/detail/06c80b2b-6b9b-4e0d-9a14-63912ac9b9a1/
Helpdesk-Mitarbeiter/in im IT-Umfeld 100% D/F|2022-06-10|Bern|True|https://www.jobs.ch/de/stellenangebote/detail/d862c8c7-429e-4f59-afc5-25a1fb869315/
Praktikum als Personalsachbearbeiter/-in 100 %|2022-06-10|Bern|True|https://www.jobs.ch/de/stellenangebote/detail/fad3584f-c984-4189-a1e5-f3bbef20a7f0/
Dachdecker/Flachdachmonteur 100%|2022-06-10|Bern, Biel, Solothurn und Thun|True|https://www.jobs.ch/de/stellenangebote/detail/7b37965d-89b1-41bf-882d-2a2c8ecf15fb/
Assistenz Marketing (m/w) 50%|2022-06-10|Bern|True|https://www.jobs.ch/de/stellenangebote/detail/8c7f6330-1ef7-48fb-82f6-93c58a08775a/
Hauswart 60-70%|2022-06-10|Bern|True|https://www.jobs.ch/de/stellenangebote/detail/09d7a233-d482-4c34-800e-7f2045201c50/
Empfangsmitarbeiter/in Site Security 100%|2022-06-10|Bern|True|https://www.jobs.ch/de/stellenangebote/detail/d37747ac-b387-40e3-96bb-bd0081ab69d7/
Baumaschinenfuehrer 100%|2022-06-10|Bern, Biel, Solothurn oder Thun|True|https://www.jobs.ch/de/stellenangebote/detail/1bf3d120-2d22-4af3-946f-273857e0ca2c/
Strassenbauer 100% (m/w)|2022-06-10|Bern, Biel, Solothurn oder Thun|True|https://www.jobs.ch/de/stellenangebote/detail/570de3e6-e738-4ad4-972a-c69a250a3958/
Elektroinstallateur / Elektromonteur 100%|2022-06-10|Bern, Biel, Solothurn oder Thun|True|https://www.jobs.ch/de/stellenangebote/detail/dc21e405-9301-478a-b80e-b1fe85d2efe6/
Sachbearbeiter/in Kundensupport 80-100%|2022-06-10|Bern|True|https://www.jobs.ch/de/stellenangebote/detail/81d6156b-4cfd-4c7f-b7aa-ab83d2bc19ad/
Bauarbeiter 100%|2022-06-10|Bern|True|https://www.jobs.ch/de/stellenangebote/detail/c43b36e8-83b0-4332-8490-fe9186a685b5/
Kaufmaennische/r Angestellte/r 80-100%|2022-06-10|Bern|True|https://www.jobs.ch/de/stellenangebote/detail/17834274-2099-4a30-a7e0-f4da2fb1381f/
Fallverantwortliche/r Bewaehrungshilfe BVD 5 mit Schwerpunkt Electronic Monitoring 80 %|2022-06-10|Bern|True|https://www.jobs.ch/de/stellenangebote/detail/d3645e4e-9bb0-4b35-94ea-0be98fd67688/
Forschungsassistent*in Verbundwerkstoffe und Moebelentwicklung (in Kombination mit Masterstudium)|2022-06-10|Biel|True|https://www.jobs.ch/de/stellenangebote/detail/f69c528d-49aa-43af-8f9b-eefa58c93b35/
Technisch versierter Polymechaniker / Produktionsmechaniker (m/w)|2022-06-10|Region Bern|True|https://www.jobs.ch/de/stellenangebote/detail/d71e4a3b-0794-47a4-a51a-04ee075c397c/
Sachbearbeiter/in im Verkauf Innendienst|2022-06-10|Bannwil|True|https://www.jobs.ch/de/stellenangebote/detail/f13cd6fc-3924-4e26-8d74-1a154ae82eb0/
Mitarbeiter*in Technik Westside|2022-06-10|Bern|True|https://www.jobs.ch/de/stellenangebote/detail/9c8faf33-96d9-4da6-aa84-3dc3ac0cd6f2/
Key Account Manager (m/w/d)|2022-06-10|Buetzberg|True|https://www.jobs.ch/de/stellenangebote/detail/c3a1279e-e70e-444e-b5c4-71a41fefde1c/
Sachbearbeiter/in Objekte 80%|2022-06-10|Thun|True|https://www.jobs.ch/de/stellenangebote/detail/880a2ccb-5d79-432f-b091-16e4b44611a3/
Product Owner Digital Products (m/w/d) 80 -100%|2022-06-10|Langenthal|True|https://www.jobs.ch/de/stellenangebote/detail/d44fe0d6-722b-4181-a818-29ba1b7462fd/
IT-Consultant in Bern (m/w/d)|2022-06-10|Raum Bern|True|https://www.jobs.ch/de/stellenangebote/detail/94eaedf3-e57f-410b-bcda-37030a61ca54/
Software Engineer C++ (m/w/d) 80-100%|2022-06-10|Raum Bern|True|https://www.jobs.ch/de/stellenangebote/detail/a45b5fa9-fe85-4621-82b9-d4cd0eb5e460/
Projektleiter/Controller|2022-06-10|Bern|True|https://www.jobs.ch/de/stellenangebote/detail/b29e79cc-5779-428b-baf9-1f28d6e26b9b/
PROGRAMMLEITER*IN DIGITAL (80-100%)|2022-06-10|Bern|True|https://www.jobs.ch/de/stellenangebote/detail/cd86678b-6428-4c01-a14c-28652e71295d/
Personalentwickler / Ausbilder m/w/d|2022-06-10|Bern|True|https://www.jobs.ch/de/stellenangebote/detail/bd775ba3-1341-4af9-9cf3-1a0672c6d2b5/
JUNIOR SAP BASIS ADMINISTRATOR:IN|2022-06-10|Biel|True|https://www.jobs.ch/de/stellenangebote/detail/32fe3d03-9faa-4718-b9b1-a5404239b773/
PRODUCT MANAGER WHEELS & COMPONENTS|2022-06-10|Biel|True|https://www.jobs.ch/de/stellenangebote/detail/8bbf59d5-8ed2-4bfa-9092-449c80253ef0/
Mitarbeiter/in Kundendienst Health (m/w/d)|2022-06-10|Langenthal|True|https://www.jobs.ch/de/stellenangebote/detail/511e5414-3a08-4a61-9dba-9e3fefa23898/
Beratung / Techn. Verkauf / Projektleitung im Aussendienst (m/w)|2022-06-10|Region Bern|True|https://www.jobs.ch/de/stellenangebote/detail/c157d7b2-a46c-4400-904b-5ead89d79229/
Elektriker als Servicetechniker im Bereich Schliesstechnik|2022-06-10|Bern|True|https://www.jobs.ch/de/stellenangebote/detail/18ba9103-d6b0-4498-86cd-99c7bc65af0f/
Schreiner als Servicetechniker im Bereich Schliesstechnik|2022-06-10|Bern|True|https://www.jobs.ch/de/stellenangebote/detail/4c056565-8cc4-47fc-830a-fc4b1cd8b4ec/
Werkstattchef/in Fertigung|2022-06-10|Thun|True|https://www.jobs.ch/de/stellenangebote/detail/76111d32-e165-44e3-8d7e-1a59d1378531/
Technicien ou Ing-nieur SAV (H/F)|2022-06-10|Bienne|True|https://www.jobs.ch/de/stellenangebote/detail/8eb5ac75-eb4e-4b22-9823-2502058f7e28/
MitarbeiterIn / TeamleiterIn Administration (80 %)|2022-06-10|Langenthal|True|https://www.jobs.ch/de/stellenangebote/detail/f75f4566-3692-4e16-9abf-9bfdd6eec84d/
Schadenmitarbeiter/In fuer die Branchen Motorfahrzeug, Sach und Haftpflicht (m/w)|2022-06-10|Bern|True|https://www.jobs.ch/de/stellenangebote/detail/16ef3c18-cf98-4898-ad5e-b537c0c0d57a/
Schreiner - Monteur (m/w) fuer Kuechen & Baeder|2022-06-10|Burgdorf: Region Bern, Basel, Luzern|True|https://www.jobs.ch/de/stellenangebote/detail/5201c06c-e8b6-41e0-a745-c14cecdf545b/
Mitarbeiter:in Fachbereich Programm 80 % (Ausstellungen, Vermittlung, Veranstaltungen)|2022-06-10|Bern 6|True|https://www.jobs.ch/de/stellenangebote/detail/7db236f8-c4db-4e32-b59c-85dee9e38045/
Personalassistent:in 50 %|2022-06-10|Bern 6|True|https://www.jobs.ch/de/stellenangebote/detail/4e888713-97dc-4bac-ac8c-8d5536d95a68/
Clinical Research Associate (CRA) / Clinical Project Manager (CPM) 80-100%|2022-06-10|Bern|True|https://www.jobs.ch/de/stellenangebote/detail/760193ce-4e66-4e20-8dff-8bdb839cf926/
Sachbearbeiter:in Administration 60-80%|2022-06-10|Bern|True|https://www.jobs.ch/de/stellenangebote/detail/af64011e-e306-4363-bdbd-de56de6e8020/
Mitarbeiter/in fuer Instandhaltung und Unterhalt|2022-06-10|Bueren a.A.|True|https://www.jobs.ch/de/stellenangebote/detail/bc99dead-12fd-40a3-854b-90f62d665eb3/
Sachbearbeiter:in Sozialversicherungen 80-100%|2022-06-10|Stadt Bern|True|https://www.jobs.ch/de/stellenangebote/detail/8190fdec-3006-44f7-838c-545458805038/
Naturwissenschaftler:in, Physiker:in oder Umweltingenieur:in|2022-06-10|Bern|True|https://www.jobs.ch/de/stellenangebote/detail/3e4b9d56-207f-4afa-b26e-a82b58e53dff/
Allround-Industrie-Mechaniker mit Elektro-Kenntnissen (m/w) 100 %|2022-06-10|Lyss|True|https://www.jobs.ch/de/stellenangebote/detail/ac0a71e6-52eb-4e2c-95d5-bee669b636f5/
Fachperson Heilpaedagogik 80%|2022-06-10|Ostermundigen|True|https://www.jobs.ch/de/stellenangebote/detail/6c80e7c2-b3b0-4521-b52a-baae7590b245/
Senior Java Software-Ingenieur/in (80-100%)|2022-06-10|Luzern, Zuerich, Bern|True|https://www.jobs.ch/de/stellenangebote/detail/336d0bed-cbb3-49dd-8c8e-951ab159c1b1/
Professional Software-Ingenieur/in fuer Embedded-Applikationsentwicklung (80-100%)|2022-06-10|Bern oder Zuerich|True|https://www.jobs.ch/de/stellenangebote/detail/77215d01-ff8f-4e7e-92dc-c8f7fece6a75/
LEITER CNC-FERTIGUNG, DREHEN UND FRAESEN (M/W)|2022-06-10|Herzogenbuchsee|True|https://www.jobs.ch/de/stellenangebote/detail/431f9d81-7786-4902-94d6-4953ddeca754/
(Junior) Controller/Betriebswirtschafter|2022-06-10|Bern|True|https://www.jobs.ch/de/stellenangebote/detail/71bb6ba3-101d-4fe8-a302-0d41e3241223/
Client Partner - Bern|2022-06-10|Bern|True|https://www.jobs.ch/de/stellenangebote/detail/858bd330-842c-459e-baec-49d11822ace1/
Personalberater/In 100%|2022-06-10|Bern|True|https://www.jobs.ch/de/stellenangebote/detail/6a7b1e88-a33d-4552-b162-803c46c1e5db/
HEAD OF SALES|2022-06-10|Eggiwil|True|https://www.jobs.ch/de/stellenangebote/detail/a0e49235-2ebe-4b6d-aed7-e031ab269198/
Servicetechniker Sanitaer / Hauswart (100%)|2022-06-10|Ostermundigen|True|https://www.jobs.ch/de/stellenangebote/detail/42d075e5-6342-4727-a6ca-389266252dd8/
Fachperson technischer Verkauf 100%|2022-06-10|Grossraum Bern|True|https://www.jobs.ch/de/stellenangebote/detail/69bbf069-e704-46e2-890b-9ec4466df7ed/
Fachmitarbeiter/in Marketing (80-100%)|2022-06-10|Bern 14|True|https://www.jobs.ch/de/stellenangebote/detail/639da8b7-2fca-4da9-acb8-df76f580bf62/
Inspecteur qualit- (H/F)|2022-06-10|Bienne|True|https://www.jobs.ch/de/stellenangebote/detail/04611dd3-fed1-4662-9341-0a386856d7bd/
MitarbeiterIn/ ArbeitsagogIn Reinigung w/m (40%)|2022-06-10|Koeniz|True|https://www.jobs.ch/de/stellenangebote/detail/af1918c3-0983-4ee0-841e-98eccca53f10/
Personalsachbearbeiter (100%) m/w|2022-06-10|Kirchberg|True|https://www.jobs.ch/de/stellenangebote/detail/7e1677e9-6441-43b7-86c2-08dcfac79be7/
VerkaeuferIn 100%|2022-06-10|Thun|True|https://www.jobs.ch/de/stellenangebote/detail/b4911158-344c-4035-9d71-4333943c6f2d/
Pharmaberater (m/w) - Region BE/SO/VS|2022-06-10|Bern|True|https://www.jobs.ch/de/stellenangebote/detail/27d9d61a-af50-45d1-aec3-febab531c04a/
Fachverantwortliche/n Planung 80-100%|2022-06-10|Langenthal|True|https://www.jobs.ch/de/stellenangebote/detail/684a59f6-75e8-45bd-bf3b-81361edaec1f/
Sachbearbeiter/in Arbeitgeber 50 - 70 %|2022-06-10|Bern|True|https://www.jobs.ch/de/stellenangebote/detail/40ea2386-ac57-4f64-ad3d-783d9c7e08f1/
Mitarbeiter:in Sekretariat Rechtsabteilung 60%|2022-06-10|Bern|True|https://www.jobs.ch/de/stellenangebote/detail/0b2bcfdf-927e-485c-9f44-f524646fd32a/
HR Local/Personalwesen 60-80%|2022-06-10|Ittigen|True|https://www.jobs.ch/de/stellenangebote/detail/8016d4bc-b2a1-450b-8106-3f6de561bd95/
Temporaerer Payroll Specialist 100% (m/w)|2022-06-10|Stadt Bern|True|https://www.jobs.ch/de/stellenangebote/detail/497cc12e-28af-4e37-b2dd-424f8922f798/
Befristete:r Recruiter:in gesucht 60-100%|2022-06-10|Grossraum Bern|True|https://www.jobs.ch/de/stellenangebote/detail/2a537425-5dce-4e54-a92c-5ff6192aee8e/
Dipl. Physiotherapeutin / Physiotherapeut 40 - 100 %|2022-06-10|Bern|True|https://www.jobs.ch/de/stellenangebote/detail/9952aed8-db48-4c2a-b691-008093538ace/
Allrounder/in mit erlerntem Beruf aus dem Baubereich 50-100%|2022-06-10|Schuepfen|True|https://www.jobs.ch/de/stellenangebote/detail/0d752dc6-0e18-4c04-81d7-4a8914422873/
Einsatzleiter/in AVOR (w/m) 100%|2022-06-10|Bern und Umgebung|True|https://www.jobs.ch/de/stellenangebote/detail/334293ca-cce2-459d-948c-883818405e23/
ICT Solution Engineer*in|2022-06-10|Bern|True|https://www.jobs.ch/de/stellenangebote/detail/ad6feb5f-53d2-4000-becf-909444b7cbe1/
Diabetesfachberater:in ambulanter Bereich|2022-06-10|Bern|True|https://www.jobs.ch/de/stellenangebote/detail/ae3ae5f0-8f56-4683-adfd-0205ff436a6c/
Dipl. Pflegefachfrau:mann|2022-06-10|Bern|True|https://www.jobs.ch/de/stellenangebote/detail/60ac8377-e651-424a-ac3b-7ad8f6fc1991/
Lehrperson Aquafitness, Kinder- und Erwachsenen Schwimmen|2022-06-10|Thun|True|https://www.jobs.ch/de/stellenangebote/detail/abe884c2-26c7-4f55-a555-efde1da48bfd/
Magaziner*in als Nebenjob|2022-06-10|Huttwil|True|https://www.jobs.ch/de/stellenangebote/detail/870bf092-9be6-463f-a2c1-ecead802083a/
Kundenberater Fallannahme (m/w.) 40-100%|2022-06-10|Bern|True|https://www.jobs.ch/de/stellenangebote/detail/047d59f4-9fa8-4ecc-9d11-561e703771b1/
Mitarbeiter/-in Empfang/Telefonzentrale|2022-06-10|Bueren an der Aare|True|https://www.jobs.ch/de/stellenangebote/detail/9e44958c-64d0-4737-a8bb-29cf6c574f9d/
Fachkraefte in der Lebensmittelproduktion|2022-06-10|Guemligen|True|https://www.jobs.ch/de/stellenangebote/detail/6187d11c-c516-4555-b240-7ab7854100d1/
Payroll Specialist 90-100%|2022-06-10|Stadt Bern|True|https://www.jobs.ch/de/stellenangebote/detail/fe699587-5217-478e-a00e-a6275af2b216/
HR Generalist:in 80-100%|2022-06-10|Grossraum Bern|True|https://www.jobs.ch/de/stellenangebote/detail/9d2087d3-e2cb-4de3-9127-1bc2212f61de/
Case Management ca. 40 % / Pflegedienst ca. 40 %|2022-06-10|Gunten|True|https://www.jobs.ch/de/stellenangebote/detail/c37bba20-4277-4408-97fc-0298daf261f4/
Software-Entwickler/in (.Net, C#)|2022-06-10|Bern|True|https://www.jobs.ch/de/stellenangebote/detail/d2470c26-8c5e-4b5f-a97b-939d51c9650a/
Copy: Lernende/r Polymechaniker/in EFZ|2022-06-10|Steffisburg|True|https://www.jobs.ch/de/stellenangebote/detail/7fdcca2e-0ab1-400f-ab03-3c9363c440e6/
Lernende/r Automatikmonteur/in EFZ|2022-06-10|Steffisburg|True|https://www.jobs.ch/de/stellenangebote/detail/9a54432f-b12e-4345-bf59-47ad7078e100/
Lernende/r Produktionsmechaniker/in EFZ|2022-06-10|Steffisburg|True|https://www.jobs.ch/de/stellenangebote/detail/033b7886-a50d-4666-83da-04c197f65ca2/
Lernende/r Konstrukteur/in EFZ|2022-06-10|Steffisburg|True|https://www.jobs.ch/de/stellenangebote/detail/658712ed-0f36-480f-bd58-b7c8f3945cd8/
Lernende/r Logistiker/in EFZ|2022-06-10|Steffisburg|True|https://www.jobs.ch/de/stellenangebote/detail/62169de2-72c8-4ae0-b080-5323a244e265/
Lernende/r Automatiker/in EFZ|2022-06-10|Steffisburg|True|https://www.jobs.ch/de/stellenangebote/detail/746bb3f3-8244-413f-90dc-b691b71ac6d5/
Security Coordinator (Bodyguard Coordinator)|2022-06-10|Bern|True|https://www.jobs.ch/de/stellenangebote/detail/3be78510-3b59-4bf9-a27a-2969cf64435f/
DISPONENT / DISPONENTIN|2022-06-10|Frauenkappelen|True|https://www.jobs.ch/de/stellenangebote/detail/721e8271-4380-47ee-92da-5aa4702f4cb8/
Mitarbeiterin / Mitarbeiter HR Services - 1 Jahr befristet|2022-06-10|Bern|True|https://www.jobs.ch/de/stellenangebote/detail/407b3f33-1103-4f02-afc3-e4488255d3d4/
Operateur (m/w) 3D-Druck und Finishing (100%)|2022-06-10|Neuenegg|True|https://www.jobs.ch/de/stellenangebote/detail/41ad162c-45ee-4c2b-9206-951e3abb210d/
Mitarbeiter*in Pumpenmontage 100%|2022-06-10|Muensingen|True|https://www.jobs.ch/de/stellenangebote/detail/1378b32c-6950-47ba-8c3e-310cc96f4c88/
Sommerjob befristet als Mitarbeiter/in Kleider kennzeichnen in der Waescherei|2022-06-10|Spiez|True|https://www.jobs.ch/de/stellenangebote/detail/4c869a32-0b09-4afe-aae4-afc19834a235/
Pflegefachperson HF|2022-06-10|Spiez|True|https://www.jobs.ch/de/stellenangebote/detail/140609d0-6b12-4f83-9681-534c180f58f7/
Fachperson Gesundheit|2022-06-10|Spiez|True|https://www.jobs.ch/de/stellenangebote/detail/3ba2cf4c-b3d3-45a2-a0ae-b34944a0387d/
Konstrukteur (m/w/d) 100%|2022-06-10|Gwatt|True|https://www.jobs.ch/de/stellenangebote/detail/d61b6497-b4bf-4d04-a715-45d38c2c1be3/
Ingenieur FH / Techniker HF Maschinenbau (m/w/d) 100%|2022-06-10|Gwatt|True|https://www.jobs.ch/de/stellenangebote/detail/8f855530-c8d6-47c9-b84c-676c64067d7b/
Mitarbeiter*in Pflege fuer hausinterne Spitex 40-80%|2022-06-10|Zollikofen BE|True|https://www.jobs.ch/de/stellenangebote/detail/97755616-90e3-4c78-8d88-58d8e852970f/
Stv. Abteilungsleitung Pflege|2022-06-10|Zollikofen BE|True|https://www.jobs.ch/de/stellenangebote/detail/e19f12ff-b505-4122-9eb7-44ffbce22c50/
Servicetechniker Kundendienst (w/m/d) Region Bern / Westschweiz|2022-06-10|Bern/Westschweiz|True|https://www.jobs.ch/de/stellenangebote/detail/dbf93a46-58ba-4fb5-a061-c96fde8ef5d1/
Projekteinkaeufer/in - Region Kanton Bern|2022-06-10|Bern|True|https://www.jobs.ch/de/stellenangebote/detail/32808e19-e7fa-4823-acda-62542e12b467/
Assistent/in der Geschaeftsleitung|2022-06-10|Bern-Biel-Solothurn|True|https://www.jobs.ch/de/stellenangebote/detail/169ffa94-2937-4cbe-8fbd-c7f854b23c6a/
Fachperson Gesundheit oder dipl. Pflegefachperson im Nachtdienst|2022-06-10|Bern|True|https://www.jobs.ch/de/stellenangebote/detail/08fcda93-2946-4f12-9f13-8b714a1a0572/
Kaeltesystem-Monteur*in|2022-06-10|Bern|True|https://www.jobs.ch/de/stellenangebote/detail/523256c8-6daa-4d1e-8f00-2abbb1b2a505/
Verkaufsfahrer (m/w/d) im Aussendienst|2022-06-10|Burgdorf|True|https://www.jobs.ch/de/stellenangebote/detail/fc3b37fc-c845-4537-968d-2c402077686e/
HR Spezialist (w/m/d)|2022-06-10|Bern|True|https://www.jobs.ch/de/stellenangebote/detail/94b2dc01-19a3-4301-9252-4bd819c2731f/
DevOps Engineer (Professional oder Senior) (m/w/d)|2022-06-10|Zuerich oder Bern|True|https://www.jobs.ch/de/stellenangebote/detail/8b5525b3-7e35-44d2-b821-6aae69d2ed37/
Consultant E-Government in Bern (m/w/d)|2022-06-10|Bern|True|https://www.jobs.ch/de/stellenangebote/detail/bff0485c-3280-46df-b56b-ace90abde1aa/
Test Manager (m/w/d)|2022-06-10|Bern|True|https://www.jobs.ch/de/stellenangebote/detail/43d80076-7075-4649-aab8-5c53b2bab37a/
Client Partner Public Admin (m/w/d)|2022-06-10|Bern oder Zuerich|True|https://www.jobs.ch/de/stellenangebote/detail/df4824d9-9565-4722-995f-255565dd4b72/
SysOps Engineer (Professional oder Senior m/w/d) in Bern|2022-06-10|Bern|True|https://www.jobs.ch/de/stellenangebote/detail/c593d207-6d2f-4bf4-99be-1303c3fb50c4/
Specialist HR Payroll (m/w/d) 50%|2022-06-10|Muri bei Bern|True|https://www.jobs.ch/de/stellenangebote/detail/58eeaa89-ed2a-4a59-aef6-0f2d26bd86c3/
Sachbearbeiter:in Reka-Ferienhilfe 40 %|2022-06-10|Bern|True|https://www.jobs.ch/de/stellenangebote/detail/9187e308-d329-493f-b893-c8f6d9a596d1/
INTERNATIONAL MARKETING CAMPAIGN PROJECT LEADER 100%|2022-06-10|Biel/Bienne|True|https://www.jobs.ch/de/stellenangebote/detail/ec8332c9-e12c-4b34-8c86-545933c52b15/
Account Manager (m/w/d)|2022-06-10|Bern|True|https://www.jobs.ch/de/stellenangebote/detail/cc6677e6-4dbc-4604-a671-9502a7ad4a55/
Junior Pricing Business Data Analyst|2022-06-10|Bern|True|https://www.jobs.ch/de/stellenangebote/detail/f20c5222-e3db-4fd5-87dd-db323173fafb/
Inbetriebnahme-Techniker Industrieautomation (m/w/d)|2022-06-10|Langenthal|True|https://www.jobs.ch/de/stellenangebote/detail/fbfa2670-8866-497a-8615-cd84975e95ac/
Praktikant Quality & HSSE (m/w/d)|2022-06-10|Langenthal|True|https://www.jobs.ch/de/stellenangebote/detail/08cbbfd6-686e-41d1-8336-d7adee6b4ef0/
Stv. Ladenleiter Gruenbereich LANDI Aarberg m/w/d|2022-06-10|Aarberg|True|https://www.jobs.ch/de/stellenangebote/detail/3b885f4e-6806-41cc-9660-17ce610bae6b/
Projektleiter Solar m/w/d|2022-06-10|Utzenstorf|True|https://www.jobs.ch/de/stellenangebote/detail/5f023cdd-d3e2-43e9-8b20-929cfc44e827/
Leiter Informatik m/w/d|2022-06-10|Dotzigen|True|https://www.jobs.ch/de/stellenangebote/detail/a87a1cbe-3306-403b-854c-c1d6f0edc1ad/
Assistenz der Leitung Logistik m/w/d|2022-06-10|Dotzigen|True|https://www.jobs.ch/de/stellenangebote/detail/a68f43f3-ea37-4b20-bf91-68c6a8a2d38b/
Manager Operative Purchasing (f/m/d)|2022-06-10|Biel|True|https://www.jobs.ch/de/stellenangebote/detail/655c5e2b-ca2b-4e6e-8557-b3054af093e5/
Teamleader/-in Industrialization - Assembly (80-100%)|2022-06-10|Niederoenz|True|https://www.jobs.ch/de/stellenangebote/detail/0264c705-79f9-4afa-9b6c-2bac0cf6ddb0/
Interesse an Moebel mit Design? Wir haben den Buerojob fuer Sie!|2022-06-10|Seeland|True|https://www.jobs.ch/de/stellenangebote/detail/85f21dd1-ec0c-46d2-9acb-f4b9eabc2d45/
An alle Lehrabgaenger: Sachbearbeiter:in Rechnungswesen 100%|2022-06-10|Biel|True|https://www.jobs.ch/de/stellenangebote/detail/da980336-710a-4573-8c7f-caf02a7c5991/
Temporaer: Mitarbeiter/in Buchhaltung 40-60%|2022-06-10|Biel|True|https://www.jobs.ch/de/stellenangebote/detail/6c529295-1d87-40f6-8242-6c47c851acbf/
Sales Assistant|2022-06-10|Kehrsatz|True|https://www.jobs.ch/de/stellenangebote/detail/7a8a915d-1c75-4da5-a622-1bf43ba16db0/
Elektroplaner / Teilprojektleiter Elektro (a) 80 % - 100 %|2022-06-10|Oberwangen|True|https://www.jobs.ch/de/stellenangebote/detail/9b455d0a-4529-4dcc-bd6b-3a6121956878/
Pflegehelfer/in SRK oder Pflegeassistent/in 40% - 80%|2022-06-10|Bern|True|https://www.jobs.ch/de/stellenangebote/detail/146e7f86-afb8-4d12-ab95-ba8abf0b2d92/
Hochschulpraktikum Controlling 60-100%|2022-06-10|Bern|True|https://www.jobs.ch/de/stellenangebote/detail/75a02842-4e93-4b4a-a27f-03f364cde8fa/
Lehrperson autogenes Training|2022-06-10|Bern|True|https://www.jobs.ch/de/stellenangebote/detail/1d34ddde-e34d-483d-8573-6a2a4f333088/
Fachberater*in Garten|2022-06-10|Bruegg|True|https://www.jobs.ch/de/stellenangebote/detail/7feaffaf-c817-49d4-9518-b143daf9bd4b/
Bademeister*in|2022-06-10|Oberhofen am Thunersee|True|https://www.jobs.ch/de/stellenangebote/detail/bae1e00c-f8bd-46cb-b656-bb56151c2047/
Fitness Instructor Aushilfe (w/m/d)|2022-06-10|Thun|True|https://www.jobs.ch/de/stellenangebote/detail/27e56693-d281-4511-bdae-5d7375879712/
Servicetechniker-/in fuer die Region Bern|2022-06-10|Bern|True|https://www.jobs.ch/de/stellenangebote/detail/d38ff74f-19ff-4f17-8b84-7f8ad123d6d2/
Leiterin / Leiter Vertriebsinnendienst|2022-06-10|Orpund|True|https://www.jobs.ch/de/stellenangebote/detail/4e6df4b1-333b-4d04-964e-41028f6a2b62/
Sachbearbeiter/in Verkehrssicherheit (80 - 100 %)|2022-06-10|Koeniz|True|https://www.jobs.ch/de/stellenangebote/detail/3d69aa1a-e030-4e31-821f-56462e305d41/
Kaufmaennische:r Mitarbeiter:in 50 - 60%|2022-06-10|Worblaufen|True|https://www.jobs.ch/de/stellenangebote/detail/ad738fbd-a1a3-4bae-a124-a43a3d338478/
Sachbearbeiter Innendienst (m/w/d)|2022-06-10|Region Bern|True|https://www.jobs.ch/de/stellenangebote/detail/32fbab4c-6f85-46bd-b45f-4a253baf5d2d/
Area Sales Manager (m/w)|2022-06-10|Orpund|True|https://www.jobs.ch/de/stellenangebote/detail/05cc9876-0f53-4adc-b671-4a684f2e43be/
Sachbearbeiter/in Export und Verkaufsinnendienst|2022-06-10|Orpund|True|https://www.jobs.ch/de/stellenangebote/detail/8bc699ad-78de-4dec-bd04-91df002ac08b/
Strategischer Einkaeufer Direkt (Fokus Publikationen) (m/w/d) 80-100%|2022-06-10|Bern|True|https://www.jobs.ch/de/stellenangebote/detail/9f9da45e-b151-40d3-9ecb-3a2277a1f301/
Data Analyst mit Fokus Datenengineering (m/w/d)|2022-06-10|Bern|True|https://www.jobs.ch/de/stellenangebote/detail/1bb798eb-d002-4f2a-ab8d-e8465f6342c0/
Grafikdesigner:in (20-40 %)|2022-06-10|Bern|True|https://www.jobs.ch/de/stellenangebote/detail/5bf13de4-43f5-4a76-8700-6f3900b5f934/
Immobilienbuchhalter/-in (80-100%)|2022-06-10|Bern 14|True|https://www.jobs.ch/de/stellenangebote/detail/d4e35a4e-7504-4db5-901e-77d0a07f312d/
Lichtberater im AD - Projektverkauf|2022-06-10|Kt. Bern/Solothurn und Oberwallis|True|https://www.jobs.ch/de/stellenangebote/detail/676058e2-a983-4428-a90e-ab186d250921/
Kommandant/in Zivilschutzorganisation Region Koeniz (100 %)|2022-06-10|Koeniz|True|https://www.jobs.ch/de/stellenangebote/detail/8b6504b7-1707-4550-8d64-63d7d2317432/
Sachbearbeiter/in Credit Service 80% - 100% (Jobsharing moeglich)|2022-06-10|Muensingen|True|https://www.jobs.ch/de/stellenangebote/detail/0f7d1e50-fb66-423e-8a9a-31e640136dd0/
Application Manager|2022-06-10|Bueren an der Aare|True|https://www.jobs.ch/de/stellenangebote/detail/510242bf-d74d-489a-b8b5-004806f46151/
Koch (d/w/m)|2022-06-10|Region Bern|True|https://www.jobs.ch/de/stellenangebote/detail/3bc31ab7-f2fc-4dae-9121-73d7cfd1eb74/
Personalassistent*in|2022-06-10|Bern|True|https://www.jobs.ch/de/stellenangebote/detail/cdea87d1-7406-4883-8d5d-789f814ed75a/
Pflegehilfe|2022-06-10|Bern|True|https://www.jobs.ch/de/stellenangebote/detail/754f7228-13f9-4c1a-a683-88345525cc0b/
Dipl. Pflegefachfrau/-mann|2022-06-10|Bern|True|https://www.jobs.ch/de/stellenangebote/detail/4fd1e42d-bb08-4792-881d-ef42b3cb00ff/
Leiter:in Pflegedienst 80 - 100%|2022-06-10|Walkringen|True|https://www.jobs.ch/de/stellenangebote/detail/622c0499-ea83-4e86-8ac1-20c0c59ee2b9/
Sachbearbeiter Service-Center -Automotive- 100% (m/w/d)|2022-06-10|Rueti b. Bueren|True|https://www.jobs.ch/de/stellenangebote/detail/a6643042-5afb-4047-a1c7-6ece74666351/
Wohngruppenleiter:in 100%, inkl. Funktion als stv. PDL|2022-06-10|Walkringen|True|https://www.jobs.ch/de/stellenangebote/detail/c8d137c4-50bf-4ecc-a71c-003b9db3c0f6/
HR-Generalist (m/w/d) 100%|2022-06-10|Niederwangen|True|https://www.jobs.ch/de/stellenangebote/detail/8a0e5528-82e7-4b2a-9d4d-3d64d478531a/
IT Supporter/in|2022-06-10|Wiler b. Seedorf|True|https://www.jobs.ch/de/stellenangebote/detail/3d85b30f-0400-42dc-a2d3-fc9938d7ecf0/
Sachbearbeiter/in Customer Service (80-100%)|2022-06-10|Bern|True|https://www.jobs.ch/de/stellenangebote/detail/6455d80a-9216-4f76-b0d0-8c9d976954ba/
Sekretariat DBMR Administration 80-100%|2022-06-10|Bern|True|https://www.jobs.ch/de/stellenangebote/detail/ab814911-9e75-44fd-9e30-9ac7f6b8f8a5/
Spezialist*in Datenengineering|2022-06-10|Bern|True|https://www.jobs.ch/de/stellenangebote/detail/e045c069-d6b1-4eb8-b735-ef86d9918c74/
Baeckerin / Baecker - Konditorin / Konditor|2022-06-10|Langenthal - St. Urbanstrasse 3|True|https://www.jobs.ch/de/stellenangebote/detail/436264f3-c7ba-4d6a-b096-64c54f9faff3/
Leiter Instandhaltung (w/m)|2022-06-10|Wimmis|True|https://www.jobs.ch/de/stellenangebote/detail/bca328ad-29a1-48d1-9a3f-c736df3dbbaa/
Leitung Interne Revision|2022-06-10|Bern|True|https://www.jobs.ch/de/stellenangebote/detail/52a35562-3a6e-420c-89b4-ebcc251d3a45/
Spezialistin / Spezialist Payroll|2022-06-10|Thun|True|https://www.jobs.ch/de/stellenangebote/detail/27d366fc-8449-450b-ae4a-509fe7d2f1dc/
Data Center Service Manager|2022-06-10|Ittigen|True|https://www.jobs.ch/de/stellenangebote/detail/354492e8-8844-457e-bb88-046d6d8919ec/
Sachbearbeiter*in Abrechnung und Rueckerstattung|2022-06-10|Schwarztorstrasse 71|True|https://www.jobs.ch/de/stellenangebote/detail/d7d0403d-7564-432f-abc8-8a077a2b8397/
MitarbeiterIn Empfang (SpringerIn)|2022-06-10|Reigon Bern|True|https://www.jobs.ch/de/stellenangebote/detail/8d0c1349-9cc8-4c9a-af7c-98d1b96be857/
Verkaeufer (m/w/d)|2022-06-10|Dotzigen|True|https://www.jobs.ch/de/stellenangebote/detail/a4a740e8-45cc-423a-bd83-c5012e4e7044/
Fachspezialist/in Gremienmanagement DVS|2022-06-10|Bern|True|https://www.jobs.ch/de/stellenangebote/detail/4f7b255f-48a0-411c-b3b6-da303d1dbd43/
Mitarbeiter/in fuer die Unterhaltsreinigung (taeglich 3 Stunden Morgenrevier)|2022-06-10|Bern|True|https://www.jobs.ch/de/stellenangebote/detail/baa6cb4a-6f42-4321-9117-ad3a0cfdc793/
Hochschulpraktikant/in im Kommerz Fuehrungs- und Aufklaerungssysteme (F+A)|2022-06-10|Bern|True|https://www.jobs.ch/de/stellenangebote/detail/4fae925f-4b0a-468c-8e8d-7b2a10cd812c/
Fachspezialist/in Personalentwicklung|2022-06-10|Bern|True|https://www.jobs.ch/de/stellenangebote/detail/293cc283-d8a7-41cf-a4c5-a89d883262a8/
Fachspezialist/in Support im Dienstleistungszentrum Personal EFD|2022-06-10|Bern|True|https://www.jobs.ch/de/stellenangebote/detail/c965d4bc-8466-4760-aed4-855bf333adf5/
Fachspezialist/in Finanzhilfen|2022-06-10|Bern|True|https://www.jobs.ch/de/stellenangebote/detail/c2c2a201-d6d0-46fd-9cbf-1625b58c2419/
sp-cialiste du d-veloppement du personnel|2022-06-10|Bern|True|https://www.jobs.ch/de/stellenangebote/detail/d062d303-0e1e-4f45-af35-49e7f3fb7598/
Wirtschaftsinformatiker/in|2022-06-10|Zollikofen|True|https://www.jobs.ch/de/stellenangebote/detail/ca7540fa-0c0f-4981-ad0d-796cbd713308/
Informatik-Koordinator/in|2022-06-10|Bern|True|https://www.jobs.ch/de/stellenangebote/detail/b8940202-0cb9-46d7-9a3d-6aa383298334/
Sp-cialiste en aides financi-res|2022-06-10|Berne|True|https://www.jobs.ch/de/stellenangebote/detail/21845b4e-d0bc-450c-948d-a6da028185c6/
Versicherungsberater (all genders) fuer die Hauptagentur Schwarzenburg|2022-06-10|Schwarzenburg|True|https://www.jobs.ch/de/stellenangebote/detail/8eb1a1de-5e37-40e0-8fc5-9a601d9fbbe6/
Produktionsmitarbeiter/in 100%|2022-06-10|Langenthal|True|https://www.jobs.ch/de/stellenangebote/detail/188d1f09-5ada-4acf-b4b9-7c7473d832be/
Fachspezialist/in Verkauf (100%) in Bern, WankdorfCity|2022-06-10|Bern|True|https://www.jobs.ch/de/stellenangebote/detail/346115c8-b5ab-48ef-b337-24a49b368191/
MitarbeiterIn Qualitaetssicherung und Prozessverantwortung 100%|2022-06-10|Thun|True|https://www.jobs.ch/de/stellenangebote/detail/f97cd329-2c0e-48e5-b5d9-14dbe1df3e5f/
Betriebsmitarbeiter -Saeure-Laugen-Abfuellung- - 100% (m/w)|2022-06-10|Rueti b. Bueren|True|https://www.jobs.ch/de/stellenangebote/detail/f269f8ca-cb70-43ad-ba57-33fab0f0ad51/
Fullstack Software Engineer m/w 80 - 100 % (a)|2022-06-10|Koeniz|True|https://www.jobs.ch/de/stellenangebote/detail/931b26db-edc4-4331-8a72-f170e97f6413/
collaborateur:trice scientifique en d-veloppement strat-gique - 80-100 %, R-f. 262|2022-06-10|Bern|True|https://www.jobs.ch/de/stellenangebote/detail/05699453-c93f-4af1-9d87-5ed0a9d2ca69/
Solution Architect 80-100%|2022-06-10|Bern oder Biel|True|https://www.jobs.ch/de/stellenangebote/detail/e633816f-df7b-4320-a6a0-d00680d9f58e/
Projektleiter:in digitale Lernmedien|2022-06-10|Bern|True|https://www.jobs.ch/de/stellenangebote/detail/5d171a82-c428-48a9-a3d9-47a764f37d58/
Aussendienstmitarbeiter m/w fuer das KFZ-Handwerk fuer die Region Bern|2022-06-10|Region Bern|True|https://www.jobs.ch/de/stellenangebote/detail/6ac488e2-e462-471a-9d0c-611ee36e3923/
Fachplaner*in Heizung 40-60%|2022-06-10|Bern|True|https://www.jobs.ch/de/stellenangebote/detail/af97e47b-8eea-446a-9015-a35a18cd9fef/
System-Administrator IT / Applikations-Supporter (a) 80 % - 100 %|2022-06-10|Oberwangen|True|https://www.jobs.ch/de/stellenangebote/detail/1a8a0879-135c-4fb3-8897-0ffb3d79a8e2/
Fachmarktleiter*in Micasa|2022-06-10|Thun|True|https://www.jobs.ch/de/stellenangebote/detail/2b6a549f-0d34-45f3-9396-32c12c60fcb5/
Regionalleiter/in Westschweiz|2022-06-10|Muri b. Bern|True|https://www.jobs.ch/de/stellenangebote/detail/c810b714-67b0-4df1-a41c-711d446f3370/
Apotheker/in 80-100%|2022-06-10|Interlaken|True|https://www.jobs.ch/de/stellenangebote/detail/b58b8a8c-17b0-49aa-aea4-b762829e6a41/
Produktionsassistent|2022-06-10|Konolfingen|True|https://www.jobs.ch/de/stellenangebote/detail/9db25575-e36d-4b18-aa4b-5e2045a04d59/
Packaging Innovation Trainee|2022-06-10|Konolfingen|True|https://www.jobs.ch/de/stellenangebote/detail/70bfe50b-5f79-4bd8-bba3-c033847b9689/
Consultant-e ERP Finance & Payroll - 100%|2022-06-10|Sonceboz|True|https://www.jobs.ch/de/stellenangebote/detail/4f5f93a3-73ff-4a42-9464-3cee771582e4/
Responsable de division Recherche de fonds (80%)|2022-06-10|Berne|True|https://www.jobs.ch/de/stellenangebote/detail/9ce5f1dd-4d9c-424b-9570-10be3b84ca26/
Projektmanagement Officer/in|2022-06-10|Berne|True|https://www.jobs.ch/de/stellenangebote/detail/73f9eaf7-9778-48ff-9f0a-82eb90bd2810/
IT DIGITALIZATION PROJECT MANAGER CHINA 100 %|2022-06-10|Biel|True|https://www.jobs.ch/de/stellenangebote/detail/e088d0ff-df4d-4222-add7-cadfde007528/
Employee Engagement Intern|2022-06-10|Konolfingen|True|https://www.jobs.ch/de/stellenangebote/detail/129662ed-616d-44e0-a38e-06be5831556d/
Elektroinstallateur/ -in (80-100%)|2022-06-10|Zollikofen|True|https://www.jobs.ch/de/stellenangebote/detail/84a56f0a-7b4d-43d1-b6df-5e45b9975a14/
Mitarbeiter/in Administration und Kommunikation (40 - 60 %)|2022-06-10|3012 Bern|True|https://www.jobs.ch/de/stellenangebote/detail/0399af20-a57c-4c1e-b3be-5e222015c9dc/
JUNIOR TECHNISCHE/N VERKAEUFERN/IN (80-100%)|2022-06-10|Trubschachen|True|https://www.jobs.ch/de/stellenangebote/detail/c04dd7f7-390e-4da6-b14a-e65a2ea7ecd0/
TECHNISCHE/N VERKAEUFERN/IN, PROJEKTLEITER/IN (80-100%)|2022-06-10|Trubschachen|True|https://www.jobs.ch/de/stellenangebote/detail/18b4b220-8c19-46d4-a2a0-0382a3372e9e/
Sachbearbeiter/in Verkauf Innendienst (80%-100%)|2022-06-10|Koeniz|True|https://www.jobs.ch/de/stellenangebote/detail/3de72d57-4686-444a-8661-cf6f0a53e333/
Logistiker/in EFZ (100%)|2022-06-10|Koeniz|True|https://www.jobs.ch/de/stellenangebote/detail/467329e6-f594-44f9-8517-23056e56f6c9/
Ingenieur/in oder Geografen/in mit Spezialisierung auf Mobilitaet, Verkehr oder Bauingenieurwesen (80|2022-06-10|Ostermundigen|True|https://www.jobs.ch/de/stellenangebote/detail/d5e24a71-5f2c-47f0-b24d-53913289266e/
Schadenmitarbeiter/in Reiseversicherung (100%) (m/w/d)|2022-06-10|Ostermundigen|True|https://www.jobs.ch/de/stellenangebote/detail/1fba3bc3-8a6f-44c5-8716-7594be474e70/
Mitarbeiter/in Sekretariat (90%) (m/w/d)|2022-06-10|Ostermundigen|True|https://www.jobs.ch/de/stellenangebote/detail/1edef0e5-4e40-4434-bdb6-7f1136274ba9/
"Collaborateur/-trice ""customer Service"" (H/F/D)"|2022-06-10|La Neuveville|True|https://www.jobs.ch/de/stellenangebote/detail/615675cc-6a37-4f3f-8c9c-bce897a4439f/
Mitarbeiter Kalkulation (w/m/d) 40-80%|2022-06-10|Wimmis|True|https://www.jobs.ch/de/stellenangebote/detail/5a93619e-f425-4f6d-bb9e-5d391b034902/
Personalassistent 80 - 100% (m/w/d)|2022-06-10|Zollikofen|True|https://www.jobs.ch/de/stellenangebote/detail/c2a45d61-575f-4c70-b32b-51f886d930ba/
Spezialist Finanzen, Mitglied des Kaders|2022-06-10|Niederbipp|True|https://www.jobs.ch/de/stellenangebote/detail/ca7297ee-bde5-4b07-a81a-dad76e973cf0/
Sachbearbeiter/in Buchhaltung und Administration 80-100%|2022-06-10|Worblaufen|True|https://www.jobs.ch/de/stellenangebote/detail/2a04e0fd-c691-4d0d-8e4a-cf51de26dec9/
ServiceleiterInnen|2022-06-10|Guemligen|True|https://www.jobs.ch/de/stellenangebote/detail/1c13b237-d7c4-42b8-b0a4-f3da53d64058/
Einkauf und Verkauf nachhaltiger Rohstoffe im Aussendienst|2022-06-10|Oberdiessbach|True|https://www.jobs.ch/de/stellenangebote/detail/7dfac06a-a117-4609-adce-662e86a72ed5/
Automobilfachmann*frau / Automobilmechatroniker*in 100%|2022-06-10|Gasel|True|https://www.jobs.ch/de/stellenangebote/detail/f8dbc56c-b635-42e4-9853-2d74ea55a3f9/
Leiter/-in Verkehrsmanagement 80-100%|2022-06-10|Bern|True|https://www.jobs.ch/de/stellenangebote/detail/d8f84be4-ee2e-4921-a849-df1fb36a57cb/
