Wiss. Mitarbeiter/in (90%) im Bereich -Post-Covid-19-Erkrankung-, Ref. 270|/de/job/wiss-mitarbeiter-bereich-post-covid-erkrankung-ref-270/7310785/
Techniker fuer Sicherheitsanlagen (m/w/d)|/de/job/techniker-f%C3%BCr-sicherheitsanlagen/7308323/
Techniker Fire Safety 80 - 100% (m/w/d)|/de/job/techniker-fire-safety/7308322/
Senior Release Train Engineer (w/m/d)|/de/job/senior-release-train-engineer/7376990/
Projektassistenz im Bau- und Immobilienwesen (w/m)|/de/job/projektassistenz-bau-und-immobilienwesen/7294696/
Treuhaender sucht empatischen Zahlenmensch 60-100%|/de/job/treuh%C3%A4nder-sucht-empatischen-zahlenmensch/7376981/
Automobilfachmann/frau/Automobilmechatroniker/in/Automobildiagnostiker/in80-100%|/de/job/automobilfachmann-frau-automobilmechatroniker-automobildiagnostiker/6401754/
Geruestbauer (m/w) in Bern|/de/job/ger%C3%BCstbauer-bern/7376925/
Maler (100%)|/de/job/maler/7376826/
Leiter/-in Kundendienst Carrosserie 100%|/de/job/leiter-kundendienst-carrosserie/7376742/
Entwicklungsingenieur/in|/de/job/entwicklungsingenieur/7351726/
Fachperson Gesundheit (temporaer)|/de/job/fachperson-gesundheit/7376466/
Fachfrau / Fachmann Gesundheit|/de/job/fachfrau-fachmann-gesundheit/7376414/
Dipl. Pflegefachfrau oder Dipl. Sozialpaedagogin (a)|/de/job/dipl-pflegefachfrau-oder-dipl-sozialp%C3%A4dagogin/7376413/
Dipl. Pflegefachfrau / Pflegefachmann HF/FH/AKP, Rehabilitation - Jobsharing denkbar|/de/job/dipl-pflegefachfrau-pflegefachmann-akp-rehabilitation-jobsharing-denkbar/7371180/
Projektleiterin / Projektleiter Unternehmensentwicklung 70-90%|/de/job/projektleiterin-projektleiter-unternehmensentwicklung/7376628/
Teamleitung Haftpflicht- und Versicherungsrecht (w/m/d)|/de/job/teamleitung-haftpflicht-und-versicherungsrecht/7376809/
Sales Advisor (m/f/d)|/de/job/sales-advisor/7376264/
Sales Advisor (m/f/d)|/de/job/sales-advisor/7376263/
Ing-nieur-e forestier--re (EPF/HES)|/de/job/ing%C3%A9nieur-forestier-%C3%A8re/7377083/
Ing-nieur-e forestier--re (EPF/HES)|/de/job/ing%C3%A9nieur-forestier-%C3%A8re/7377083/
Betriebselektriker (m/w/d)|/de/job/betriebselektriker/7377010/
Teamleitung Haftpflicht- und Versicherungsrecht (w/m/d)|/de/job/teamleitung-haftpflicht-und-versicherungsrecht/7376809/
Sales Advisor (m/f/d)|/de/job/sales-advisor/7376263/
Senior Kreditofficer (a) (80-100%)|/de/job/senior-kreditofficer/7376404/
Projektleiter/-in|/de/job/projektleiter/7355068/
Dipl. Physiotherapeutin / Dipl. Physiotherapeut 80-90%|/de/job/dipl-physiotherapeutin-dipl-physiotherapeut/7352787/
Fachfrau / Fachmann Gesundheit EFZ 40 - 90%|/de/job/fachfrau-fachmann-gesundheit-efz/7345292/
Erfahrene Controllerin / erfahrener Controller|/de/job/erfahrene-controllerin-erfahrener-controller/7345286/
Sachbearbeiter/in Betrieb Hauptquartier Armee|/de/job/sachbearbeiter-betrieb-hauptquartier-armee/7376457/
Cyber Security Experte/Expertin|/de/job/cyber-security-experte-expertin/7376453/
Planer*in Fernwaerme und Energieanlagen 80 -100%|/de/job/planer-fernw%C3%A4rme-und-energieanlagen/7308550/
Fachspezialist:in Vertriebssteuerung/Controlling|/de/job/fachspezialist-vertriebssteuerung-controlling/7376443/
Business Analyst Vertriebs-Cockpit (w/m/d)|/de/job/business-analyst-vertriebs-cockpit/7376442/
ICT-Berater/in Senior|/de/job/ict-berater-senior/7376462/
ICT-Supporter/in|/de/job/ict-supporter/7376460/
Medizinische/r Praxisassistent/in|/de/job/medizinische-praxisassistent/7376447/
Fleischfachmann / Koch (m/w/d) mit administrativer Erfahrung|/de/job/fleischfachmann-koch-mit-administrativer-erfahrung/7376478/
Mitarbeiter Innendienst (all genders) fuer die Generalagentur Bern-Zentrum|/de/job/mitarbeiter-innendienst-f%C3%BCr-die-generalagentur-bern-zentrum/7376452/
Spezialist*in Kreditabwicklung|/de/job/spezialist-kreditabwicklung/7243144/
Fleischfachmann / Koch (m/w/d) mit administrativer Erfahrung|/de/job/fleischfachmann-koch-mit-administrativer-erfahrung/7376268/
Betriebselektriker (m/w/d)|/de/job/betriebselektriker/7377010/
Mandatsleiter/in Treuhand (Partner)|/de/job/mandatsleiter-treuhand/7376625/
TreuhaenderIn mit eidg. Fachausweis|/de/job/treuh%C3%A4nder-mit-eidg-fachausweis/7376624/
Automatiker (m/w)|/de/job/automatiker/7376933/
Projektportfoliomanager:in Fahrbahnerneuerung und Gleisbaumaschinen|/de/job/projektportfoliomanager-fahrbahnerneuerung-und-gleisbaumaschinen/7376785/
Senior Kreditofficer (a) (80-100%)|/de/job/senior-kreditofficer/7376404/
Betriebselektriker (m/w/d)|/de/job/betriebselektriker/7377010/
Dipl. Treuhandexperte (w/m)|/de/job/dipl-treuhandexperte/7376623/
Dipl. Wirtschaftspruefer/in|/de/job/dipl-wirtschaftspr%C3%BCfer/7376622/
Verkaufsprofi Solar Photovoltaik|/de/job/verkaufsprofi-solar-photovoltaik/7377082/
Automatiker (m/w)|/de/job/automatiker/7376933/
Forstingenieur:in (ETH/FH) oder Master of Science ETH in Umweltnaturwissenschaften|/de/job/forstingenieur-oder-master-science-eth-umweltnaturwissenschaften/7376806/
Projektportfoliomanager:in Fahrbahnerneuerung und Gleisbaumaschinen|/de/job/projektportfoliomanager-fahrbahnerneuerung-und-gleisbaumaschinen/7376785/
Automatikmonteure / Schaltanlagenmonteure / Elektroinstallateure (m/w/d)|/de/job/automatikmonteure-schaltanlagenmonteure-elektroinstallateure/7376775/
Junior System Engineer, 80-100%|/de/job/junior-system-engineer/7356208/
Entwicklungsingenieur / Konstrukteur|/de/job/entwicklungsingenieur-konstrukteur/7355076/
Projektleiter:in BIM Standardisierung und Branche|/de/job/projektleiter-bim-standardisierung-und-branche/7376737/
Lead Technician Industrial IT|/de/job/lead-technician-industrial/7376666/
Dipl. Pflegefachfrau / Pflegefachmann 40-70% Dauernachtwache|/de/job/dipl-pflegefachfrau-pflegefachmann-dauernachtwache/7352073/
Software Engineer / Solution Architect im Bereich Analytics (m/w)|/de/job/software-engineer-solution-architect-bereich-analytics/7376530/
Lehrabgaenger KV / Informatik // Johnson &amp; Johnson|/de/job/lehrabg%C3%A4nger-informatik-johnson-johnson/7376500/
Monteur Medizintechnik / Maschinenbau|/de/job/monteur-medizintechnik-maschinenbau/7312326/
Automation Engineer|/de/job/automation-engineer/7376458/
Wissenschaftliche/r Mitarbeiter/in politische Geschaefte|/de/job/wissenschaftliche-mitarbeiter-politische-gesch%C3%A4fte/7376461/
Spezialist/in Payroll|/de/job/spezialist-payroll/7376455/
SERVICETECHNIKER/IN OEL|/de/job/servicetechniker/7309060/
Berater/in Privatkunden 80 - 100 %|/de/job/berater-privatkunden-100/7376385/
Automatikmonteure / Schaltanlagenmonteure / Elektroinstallateure (m/w/d)|/de/job/automatikmonteure-schaltanlagenmonteure-elektroinstallateure/7376775/
Junior System Engineer, 80-100%|/de/job/junior-system-engineer/7356208/
TreuhaenderIn mit eidg. Fachausweis|/de/job/treuh%C3%A4nder-mit-eidg-fachausweis/7376624/
Dipl. Treuhandexperte (w/m)|/de/job/dipl-treuhandexperte/7376623/
ICT Business Analyst / Requirements Engineer|/de/job/ict-business-analyst-requirements-engineer/7376474/
Systemadministrator Data Center 80-100% (m/w)|/de/job/systemadministrator-data-center/7376327/
UX/UI Design-Spezialist 80 - 100% (m/w)|/de/job/design-spezialist/7376324/
Inbetriebnahmetechniker (m/w) 100%|/de/job/inbetriebnahmetechniker/7376310/
Sachbearbeiter/in Administration &amp; Marketing 100%|/de/job/sachbearbeiter-administration-marketing/7376963/
Process Engineer _Projects Support|/de/job/process-engineer-_projects-support/7376573/
Medizinische Praxisassistentin / Medizinischer Praxisassistent 50-100%|/de/job/medizinische-praxisassistentin-medizinischer-praxisassistent/7345280/
FaGe als Berufsbildner:in 60-100%|/de/job/fage-als-berufsbildner/7345674/
Med. Praxisassistentin / Praxisassistent EFZ (MPA)|/de/job/med-praxisassistentin-praxisassistent-efz/7345287/
MPA - Med. Praxisassistentin / Praxisassistent mit flexiblem Pensum|/de/job/mpa-med-praxisassistentin-praxisassistent-mit-flexiblem-pensum/7345300/
Leiter/in HR Beratung|/de/job/leiter-beratung/7344476/
Regulatory Affairs Specialist|/de/job/regulatory-affairs-specialist/7226848/
IntegrationsspezialistIn SAP(PI/PO)|/de/job/integrationsspezialist-sap/7376859/
Mitarbeiter*in Spielbetrieb (90-100%)|/de/job/mitarbeiter-spielbetrieb/7376276/
Application Operation Manager 80 - 100 % (m/w/d)|/de/job/application-operation-manager-100/7308324/
SACHBEARBEITUNG FAKTURIERUNG UND BESCHAFFUNG (M/W/D)|/de/job/sachbearbeitung-fakturierung-und-beschaffung/7376465/
Schulleiter*in|/de/job/schulleiter/7376426/
Product Manager/in Systemintegration &amp; Reliability|/de/job/product-manager-systemintegration-reliability/7376454/
Techniker:in Worb 100%|/de/job/techniker-worb/7376958/
Fachkraft Transportteam (m/w)|/de/job/fachkraft-transportteam/7376383/
Entwicklungsingenieur / Konstrukteur|/de/job/entwicklungsingenieur-konstrukteur/7355076/
Projektleiter:in BIM Standardisierung und Branche|/de/job/projektleiter-bim-standardisierung-und-branche/7376737/
Dipl. Wirtschaftspruefer/in|/de/job/dipl-wirtschaftspr%C3%BCfer/7376622/
Automatiker (m/w)|/de/job/automatiker/7376933/
Chauffeur auf Saug- und Sp-?lfahrzeug|/de/job/chauffeur-auf-saug-und-sp%C3%A3-lfahrzeug/7376649/
Region Schwarzenburg: FAGE 60-100%|/de/job/region-schwarzenburg-fage/7376692/
Collaborateur au Service Clients (H/F/D) 100%|/de/job/collaborateur-service-clients/7355623/
Sales Professional (w/m/d)|/de/job/sales-professional/7376973/
Gesucht: Geruestbauer (m/w) in Burgdorf|/de/job/gesucht-ger%C3%BCstbauer-burgdorf/7376918/
Maler (m/w)|/de/job/maler/7376719/
"Metallbauer (m/w) | Burgdorf"|/de/job/metallbauer-burgdorf/7376574/
Servicetechniker / Servicetechnikerin|/de/job/servicetechniker-servicetechnikerin/7369505/
Exportfachmann (m/w) 100%|/de/job/exportfachmann/7312968/
Montage-Elektriker (m/w)|/de/job/montage-elektriker/7377100/
Automatiker (100%)|/de/job/automatiker/7377006/
Gipser (m/w)|/de/job/gipser/7376868/
Filialmitarbeiter (m/w) 40-60%|/de/job/filialmitarbeiter/7376740/
Sitzwache|/de/job/sitzwache/113453987/
Service Gastronomie|/de/job/service-gastronomie/113453976/
SAP Berechtigungsspezialist/in 60-100%|/de/job/sap-berechtigungsspezialist/113453968/
SAP Controlling Consultant 60-100%|/de/job/sap-controlling-consultant/113453967/
Senior Policy Specialist im Fachgebiet Sustainable Finance (m/w/d)|/de/job/senior-policy-specialist-fachgebiet-sustainable-finance/113453903/
Bereichsleiter*in Notrufzentrale und Einsatzkonzeption 80% - 100%|/de/job/bereichsleiter-notrufzentrale-und-einsatzkonzeption/113453900/
Servicemitarbeiter (m/w)|/de/job/servicemitarbeiter/113453867/
Lead Technician Industrial IT|/de/job/lead-technician-industrial/7376666/
Dipl. Pflegefachfrau / Pflegefachmann 40-70% Dauernachtwache|/de/job/dipl-pflegefachfrau-pflegefachmann-dauernachtwache/7352073/
Projektportfoliomanager:in Fahrbahnerneuerung und Gleisbaumaschinen|/de/job/projektportfoliomanager-fahrbahnerneuerung-und-gleisbaumaschinen/7376785/
Automatikmonteure / Schaltanlagenmonteure / Elektroinstallateure (m/w/d)|/de/job/automatikmonteure-schaltanlagenmonteure-elektroinstallateure/7376775/
Oberarzt/-aerztin Epileptologie|/de/job/oberarzt-%C3%A4rztin-epileptologie/113453863/
Praktikant Gastronomie / Restaurant / F&amp;B (m/w) Servicepraktikum im Pi- Kornhaus Bern|/de/job/praktikant-gastronomie-restaurant-servicepraktikum-pi%C3%B9-kornhaus-bern/113453830/
Dienstarzt/-aerztin fuer Wochenend- und/oder Nachtdienste 50-100%|/de/job/dienstarzt-%C3%A4rztin-f%C3%BCr-wochenend-und-oder-nachtdienste/113453826/
Geschaeftsfuehrer/-in Rest.Tagesstellle (80-100%)|/de/job/gesch%C3%A4ftsf%C3%BChrer-rest-tagesstellle/113453756/
Praktikant F&amp;B (m/w) Aufbaupraktikum F&amp;B im Pi- Kornhaus Bern|/de/job/praktikant-aufbaupraktikum-pi%C3%B9-kornhaus-bern/113453740/
Software Engineer / Solution Architect im Bereich Analytics (m/w)|/de/job/software-engineer-solution-architect-bereich-analytics/7376530/
Lehrabgaenger KV / Informatik // Johnson &amp; Johnson|/de/job/lehrabg%C3%A4nger-informatik-johnson-johnson/7376500/
