Betriebsassistenten m/w 60-100%|2022-06-05|Bern|True|https://www.jobs.ch/de/stellenangebote/detail/a26ca8fb-149c-4036-a2fa-9fb9551a79bc/
Qualitaetspruefer (w/m/d) / 80 - 100 %|2022-06-05|Thun|True|https://www.jobs.ch/de/stellenangebote/detail/44fc2867-c3b4-433b-80ab-42e0760730b5/
Hochbauzeichner/in und/oder Techniker/in Hochbau // 80-100% // Steffisburg bei Thun (Bern)|2022-06-05|Steffisburg|True|https://www.jobs.ch/de/stellenangebote/detail/92442ab5-1f08-4224-9267-1d3585dea793/
Detailhandelsfachperson m/w/d|2022-06-05|Interlaken|True|https://www.jobs.ch/de/stellenangebote/detail/9a2dc647-e0d7-4791-8a3e-bb9dc72576cc/
Fachexperte Leistungen Unfall (all genders)|2022-06-05|Bern|True|https://www.jobs.ch/de/stellenangebote/detail/a901d687-7b0d-4b04-b435-a246f970649d/
Apotheker/-in 60-100%|2022-06-05|Pestalozzistrasse 26, 3007 Bern|True|https://www.jobs.ch/de/stellenangebote/detail/63801491-23f9-4b0e-a885-c729277ce2ce/
Underwriter (all genders) Haftpflicht- / Vermoegensschadenhaftpflichtversicherungen|2022-06-05|Bern|True|https://www.jobs.ch/de/stellenangebote/detail/4c1e9706-f30f-4591-8ecc-120382283edf/
Sachbearbeiter Technischer Support (w/m)|2022-06-05|Nidau|True|https://www.jobs.ch/de/stellenangebote/detail/3cc4356a-f565-4f89-ac6f-2699f7f14038/
Fachspezialist:in Betriebswirtschaft|2022-06-05|Bern|True|https://www.jobs.ch/de/stellenangebote/detail/3d7c38df-2260-4a2e-97f3-f1dbb3b7d06b/
Projektleiter/-in Gebaeudeunterhalt 40 - 50%|2022-06-05|Muensingen|True|https://www.jobs.ch/de/stellenangebote/detail/38a64e01-b11c-4391-a98b-ee573f216f9f/
IT-Supporter/Application- & Service-Manager (w/m/d)|2022-06-05|Zuerich, Olten oder Bern|True|https://www.jobs.ch/de/stellenangebote/detail/f9b6edfc-ddc6-48a9-b900-ddea4a4847ab/
Dipl. Pflegefachfrau / Pflegefachmann 50-80%, befristet Juli - November 2022|2022-06-05|Bern|True|https://www.jobs.ch/de/stellenangebote/detail/a31e3be6-22e7-4e3a-b2fa-afd663b4e651/
Stv. Leiterin / Stv. Leiter Bettenabteilung 80-100%, Fachgebiete Viszeral-, Herz- und Thoraxch|2022-06-05|Bern|True|https://www.jobs.ch/de/stellenangebote/detail/961b3f3a-175a-4c68-ade2-3bc9f42c6b90/
HR Business Partner 50-60%|2022-06-05|Unterseen|True|https://www.jobs.ch/de/stellenangebote/detail/41dff7ed-c965-493e-a954-610415f09ed1/
Fachperson Kinderbetreuung|2022-06-05|Bern|True|https://www.jobs.ch/de/stellenangebote/detail/b898947a-ee12-42e3-9bc3-3b739aa84df0/
Volksschulsekretaer*in|2022-06-05|Bern|True|https://www.jobs.ch/de/stellenangebote/detail/d24ce9bc-f497-4191-812f-a4b2d7f75c24/
Berater/in Privatkunden 80 - 100 %|2022-06-05|Zweisimmen|True|https://www.jobs.ch/de/stellenangebote/detail/b0ebe177-23c2-457a-8182-6d24a0001300/
Information Security Officer m/w 50 %|2022-06-05|Guemligen|True|https://www.jobs.ch/de/stellenangebote/detail/3d7a61de-4dee-483c-9f4d-e2a28d347c7c/
Berater/in Vermoegensberatungskunden 80 - 100 %|2022-06-05|Bern|True|https://www.jobs.ch/de/stellenangebote/detail/72dc8d37-5a02-4a93-a9cc-6e6c25a18e37/
Berater/in Kundencenter 60 - 100 %|2022-06-05|Guemligen/Bienne|True|https://www.jobs.ch/de/stellenangebote/detail/ec72d5f4-e1c3-48a8-ade9-6b1c192109fa/
